id,lemma,root,wazn,form,past_vowel,nonpast_vowel,full_passive,reduced,root_type,verb_type,model,template,page,printed_page,masdar,active_participle,passive_participle
001_110,فَعَلَ,فعل,فعَل يفعُل,I,a,u,1,0,2,3+0-I,110,A,142,125,فَعْلٌ ، فِعْلٌ ، فَعَلٌ ، فُعْلٌ ، فُعُلٌ ، فِعَلٌ ، فِعْلٌ,فاعِلٌ,مَفْعولٌ
002_143,رَؤُفَ,رأف,فعُل يفعُل,I,u,u,0,0,7,3+0-V,143,B,215,198,رَأْفَةٌ ، رَآفَةٌ,رَائِفٌ,
003_143,ضَؤُلَ,ضأل,فعُل يفعُل,I,u,u,0,0,7,3+0-V,143,B,215,198,ضَآلَةٌ ، ضُؤُولَةٌ,ضَائِلٌ,
004_212,آخَذَ,أخذ,فاعل,III,,,0,0,5,3+1-III,212,B,278,262,مُؤَاخَذَةٌ,مُؤَاخِذٌ,مُؤَاخَذٌ
005_260,اِدَّعَمَ,دعم,افتعل,VIII,,,0,0,2,3+2-III,260,,,334,,,
006_114,هَنَأَ,هنأ,فعَل يفعُل,I,a,u,1,0,8,3+0-I,114,A,152,135,هَنْءٌ ، هِنْءٌ ، هَنَاءٌ,هانِئٌ,مَهْنُوءٌ
007_117,دَعا,دعو,فعَل يفعُل,I,a,u,1,0,28,3+0-I,117,A,158,141,دُعاءٌ ، دَعْوَى,داعٍ,مَدْعُوٌّ
008_146,هَيُؤَ,هيأ,فعُل يفعُل,I,u,u,0,0,26,3+0-V,146,A,220,203,هَيْأَةٌ ، هِيَاءَةٌ,هَايِئٌ,
009_128,وَفَى,وفي,فعَل يفعِل,I,a,i,1,0,40,3+0-II,128,A,181,164,وَفَاءٌ,وَافٍ,مَوْفِيٌّ
010_168,وَلِيَ,ولي,فعِل يفعِل,I,i,i,1,0,40,3+0-VI,168,A,257,240,وَلْيٌ ، وِلايَةٌ ، وَلايَةٌ.,والٍ.,مَوْلِيٌّ.
011_240,تَفاعَلَ,فعل,تفاعل,VI,,,1,0,2,3+2-II,240,A,320,304,,,
012_121,فَرَّ,فرر,فعَل يفعِل,I,a,i,1,0,10,3+0-II,121,A,164,147,فَرٌّ ، فِرارٌ ، فَرارٌ ، مَفَرٌّ ، مَفِرٌّ,فارٌّ ج فَرٌّ.,مَفْرورٌ.
013_156,خافَ,خوف,فعِل يفعَل,I,i,a,1,0,21,3+0-IV,156,A,241,224,خَوْفٌ ، خِيْفٌ ، مَخَافَةٌ ، خِيْفَةٌ,خَائِفٌ,مَخُوْفٌ
014_310,فَعْلَلَ,فعلل,فعلل,Iq,,,1,0,44,4+0,310,A,402,387,فَعْلَلَةٌ ، فِعْلَالٌ,مُفَعْلِلٌ,مُفَعْلَلٌ
015_230,اِسَّمَّعَ,سمع,تفعّل,V,,,0,1,2,3+2-I,230,,,287,,,
016_200,فَعَّلَ,فعل,فعّل,II,,,1,0,2,3+1-II,200,A,259,243,,,
017_159,حَيِيَ,حيي,فعِل يفعَل,I,i,a,1,0,39,3+0-IV,159,A,248,231,حَيَاةٌ,حايٍ,مَحْيِيٌّ
018_426,اِحْوَنْصَلَ,حوصل,افعنلل,IIIq,,,0,0,50,4+2-I,426,,,412,,,
019_277,اِرْعَوَى,رعو,افعلّ,IX,,,0,0,28,3+2-V,277,,,357,,,
020_416,تَفَوْعَلَ,فوعل,تفعلل,IIq,,,1,0,50,4+1,416,A,,398,,,
021_261,اِظَّنَّ,ظنن,افتعل,VIII,,,0,0,10,3+2-III,261,,,336,,,
022_240,اِصّاعَدَ,صعد,تفاعل,VI,,,0,1,2,3+2-II,240,,,304,,,
023_210,فاعَلَ,فعل,فاعل,III,,,1,0,2,3+1-III,210,A,274,258,,,
024_157,بَقِيَ,بقي,فعِل يفعَل,I,i,a,0,0,31,3+0-IV,157,A,244,227,بَقاءٌ,باقٍ,مَبْقِيٌّ
025_255,اِنْوَرَبَ,ورب,انفعل,VII,,,0,0,13,3+2-IV,255,,,325,,,
026_111,مَدَّ,مدد,فعَل يفعُل,I,a,u,1,0,10,3+0-I,111,A,146,129,مَدٌّ,مادِدٌ (مادٌّ),مَمْدودٌ
027_112,أَكَلَ,أكل,فعَل يفعُل,I,a,u,1,0,5,3+0-I,112,A,150,133,أَكْلٌ ، مَأْكَلٌ ، إِكْلَةٌ ، أُكَالٌ ، أَكَالٌ,آكِلٌ,مَأْكُولٌ
028_116,قَالَ,قول,فعَل يفعُل,I,a,u,1,0,21,3+0-I,116,A,155,138,قَوْلٌ ، قالٌ ، قِيلٌ ، قَوْلَةٌ ، مَقالَةٌ ، مَقالٌ,قائِلٌ ج قُوَّلٌ وقُيَّلٌ وقالَةٌ وقُؤُولٌ,مَقُولٌ ، مَقْوُولٌ
029_120,ضَرَبَ,ضرب,فعَل يفعِل,I,a,i,1,0,2,3+0-II,120,A,161,144,ضَرْبٌ ، ضَرَبَانٌ,ضَارِبٌ,مَضْرُوبٌ
030_123,رَأَسَ,رأس,فعَل يفعِل,I,a,i,1,0,7,3+0-II,123,A,170,153,رِئاسَةٌ.,رَائِسٌ ج رُؤَسٌ.,مَرْؤُوسٌ.
031_125,وَصَلَ,وصل,فعَل يفعِل,I,a,i,1,0,13,3+0-II,125,A,172,155,وَصْلٌ ، صِلَةٌ ، صِلَّةٌ,واصِلٌ,موصولٌ
032_127,رَمَى,رمي,فعَل يفعِل,I,a,i,1,0,31,3+0-II,127,A,178,161,رَمْيٌ ، رِمايَةٌ,رامٍ,مَرْمِيٌّ
033_130,فَعَلَ,فعل,فعَل يفعَل,I,a,a,1,0,2,3+0-III,130,A,186,169,فَعْلٌ ، فَعَالٌ,فاعِلٌ ج فاعِلونَ وفَعَلَةٌ .,مَفْعولٌ .
034_131,عَضَّ,عضض,فعَل يفعَل,I,a,a,1,0,10,3+0-III,131,A,190,173,عَضٌّ ، عَضِيضٌ,عاضٌّ,مَعْضوضٌ
035_132,أَلَهَ,أله,فعَل يفعَل,I,a,a,1,0,5,3+0-III,132,A,192,175,إِلاهَةٌ ، أُلُوهَةٌ ، أُلُوهِيَّةٌ,آلِهٌ,مَأْلُوهٌ
036_126,بَاعَ,بيع,فعَل يفعِل,I,a,i,1,0,24,3+0-II,126,A,175,158,بَيْعٌ ، مَبِيعٌ ، مَبَاعٌ,بائِعٌ ج باعةٌ,مَبْيُوعٌ ، مَبِيعٌ
037_129,طَوَى,طوي,فعَل يفعِل,I,a,i,1,0,35,3+0-II,129,A,183,166,طَيٌّ,طاوٍ,مَطْوِيٌّ
038_133,سَأَلَ,سأل,فعَل يفعَل,I,a,a,1,0,7,3+0-III,133,A,193,176,سُؤَالٌ ، سَآلَةٌ ، مَسْأَلَةٌ ، تَسْآلٌ ، سَأْلَةٌ,سَائِلٌ,مَسْؤُولٌ
039_136,بَاتَ,بيت,فعَل يفعَل,I,a,a,0,0,24,3+0-III,136,,,183,,,
040_137,سَعَى,سعي,فعَل يفعَل,I,a,a,1,0,31,3+0-III,137,A,203,186,سَعْيٌ,سَاعٍ,مَسْعِيٌّ
041_140,كَرُمَ,كرم,فعُل يفعُل,I,u,u,0,0,2,3+0-V,140,A,206,189,كَرَامَةٌ ، كَرْمٌ ، كَرَمَةٌ,كَرِيمٌ,
042_141,هَمَّ,همم,فعَل يفعُل,I,a,u,0,0,10,3+0-I,141,A,209,192,هَمَامَة ، هُمُومَة,هَامٌّ,
043_142,أَصُلَ,أصل,فعُل يفعُل,I,u,u,0,0,5,3+0-V,142,A,212,195,أَصَالَةٌ,أَصِيلٌ,
044_144,جَرُؤَ,جرأ,فعُل يفعُل,I,u,u,0,0,8,3+0-V,144,A,216,199,جُرْأَةٌ ، جُرَّةٌ ، جَرَاءَةٌ ، جَرَائِيَّةٌ ، جَرَايَةٌ,جَارِئٌ,
045_145,يَسُرَ,يسر,فعُل يفعُل,I,u,u,0,0,17,3+0-V,145,A,218,201,يُسْرٌ,يَاسِرٌ,
046_147,سَهُوَ,سهو,فعُل يفعُل,I,u,u,0,0,28,3+0-V,147,A,221,204,سَهَاوَةٌ,سَاهٍ,
047_150,عَلِمَ,علم,فعِل يفعَل,I,i,a,1,0,2,3+0-IV,150,A,223,206,عِلْمٌ,عالِمٌ,مَعْلُومٌ
048_151,ظَلَّ,ظلل,فعِل يفعَل,I,i,a,0,0,10,3+0-IV,151,A,227,210,ظَلٌّ ، ظُلُولٌ,ظَالٌّ,
049_152,أَلِفَ,ألف,فعِل يفعَل,I,i,a,1,0,5,3+0-IV,152,A,230,213,أَلْفٌ ، إِلْفٌ,آلِفٌ,مَأْلُوفٌ
050_153,بَئِسَ,بأس,فعِل يفعَل,I,i,a,0,0,7,3+0-IV,153,A,233,216,بُؤْسٌ ، بَئِيسٌ ، بُؤُوسٌ ، بَأْسٌ ، بُؤْسَى ، بَئِيسَى,بَائِسٌ,
051_154,خَطِئَ,خطأ,فعِل يفعَل,I,i,a,1,0,8,3+0-IV,154,A,236,219,خَطَأً ، خِطْءً ، خِطْأَةً,خاطِئٌ,مَخْطُوءٌ
052_155,يَقِظَ,يقظ,فعِل يفعَل,I,i,a,0,0,17,3+0-IV,155,A,239,222,يَقْظٌ,ياقِظٌ,مَيْقوظٌ
053_158,وَنِيَ,وني,فعِل يفعَل,I,i,a,1,0,40,3+0-IV,158,A,247,230,وَنْيٌ ، وُنْيٌ ، وِنَاءٌ ، وِنْيَّةٌ ، نِيَّةٌ ، وَنًى,وَانٍ,مَوْنِيٌّ
054_165,وَثِقَ,وثق,فعِل يفعِل,I,i,i,1,0,13,3+0-VI,165,A,253,236,ثِقَةٌ ، وُثُوقٌ ، مَوْثِقٌ,وَاثِقٌ,مَوْثُوقٌ
055_220,أَفْعَلَ,فعل,أفعل,IV,,,1,0,2,3+1-I,220,A,289,273,,,
056_115,وَجَلَ,وجل,فعَل يفعُل,I,a,u,1,0,13,3+0-I,115,A,153,136,وَجَلٌ,واجِلٌ,مَوْجولٌ
057_122,أَثَرَ,أثر,فعَل يفعِل,I,a,i,1,0,5,3+0-II,122,A,168,151,أَثْرٌ ، إِثَارَةٌ ، أُثْرَةٌ,آثِرٌ,مَأْثُورٌ
058_134,بَدَأَ,بدأ,فعَل يفعَل,I,a,a,1,0,8,3+0-III,134,A,195,178,بَدْءٌ,بادِئٌ,مَبْدُوءٌ
059_160,حَسِبَ,حسب,فعِل يفعِل,I,i,i,1,0,2,3+0-VI,160,A,251,234,مَحْسَبَةٌ ، مَحْسِبَةٌ ، حِسْبَانٌ,حَاسِبٌ,مَحْسُوبٌ
060_244,اِدَّارَأَ,درأ,تفاعل,VI,,,0,1,8,3+2-II,244,,,312,,,
061_246,اِتَّايَعَ,تيع,تفاعل,VI,,,0,1,24,3+2-II,246,,,316,,,
062_250,اِنْفَعَلَ,فعل,انفعل,VII,,,0,0,2,3+2-IV,250,A,337,321,,,
063_252,اِنْأَطَرَ,أطر,انفعل,VII,,,0,0,5,3+2-IV,252,,,325,,,
064_270,اِفْعَلَّ,فعل,افعلّ,IX,,,0,0,2,3+2-V,270,A,372,356,,,
065_280,اِسْتَفْعَلَ,فعل,استفعل,X,,,1,0,2,3+3-I,280,A,376,360,,,
066_290,اِفْعَوْعَلَ,فعل,افعوعل,XII,,,1,0,2,3+3-II,290,A,,374,,,
067_290,اِفْعَوَّلَ,فعل,افعوّل,XIII,,,1,0,2,3+3-III,290,A,,375,,,
068_290,اِفْعَالَّ,فعل,افعالّ,XI,,,0,0,2,3+3-IV,290,,,376,,,
069_290,اِجْلَوَّذَ,جلذ,افعوّل,XIII,,,0,0,2,3+3-III,290,,,377,,,
070_290,اِدْهَامَّ,دهم,افعالّ,XI,,,0,0,2,3+3-IV,290,,,379,,,
071_299,اِحْوَوَّى,حوي,افعوّل,XIII,,,0,0,35,3+3-III,299,,,384,,,
072_410,تَفَعْلَلَ,فعلل,تفعلل,IIq,,,1,0,44,4+1,410,A,,399,,,
073_417,تَفَعْوَلَ,فعول,تفعلل,IIq,,,1,0,50,4+1,417,A,,401,,,
074_417,تَفَعْيَلَ,فعيل,تفعلل,IIq,,,1,0,50,4+1,417,A,,402,,,
075_420,اِفْعَنْلَلَ,فعلل,افعنلل,IIIq,,,0,0,44,4+2-I,420,,,411,,,
076_291,اِنْقَاضَّ,نقض,افعالّ,XI,,,0,0,2,3+3-IV,291,,,380,,,
077_430,اِفْعَلَلَّ,فعلل,افعللّ,IVq,,,0,0,44,4+2-II,430,,,416,,,
078_436,اِهْوَأَنَّ,هوأن,افعللّ,IVq,,,0,0,51,4+2-II,436,,,420,,,
079_110,كَتَبَ,كتب,فعَل يفعُل,I,a,u,1,0,2,3+0-I,110,A,143,126,كَتْبٌ ، كِتابٌ ، كِتْبَةٌ ، كِتابَةٌ,كاتِبٌ,مَكْتوبٌ
080_130,فَتَحَ,فتح,فعَل يفعَل,I,a,a,1,0,2,3+0-III,130,A,187,170,فَتْحٌ,فاتِحٌ,مَفْتُوحٌ
081_160,نَعِمَ,نعم,فعِل يفعِل,I,i,i,1,0,2,3+0-VI,160,A,252,235,نِعْمَةٌ ، مَنْعَمٌ,ناعِمٌ,مَنْعومٌ
082_168,وَرِيَ,وري,فعِل يفعِل,I,i,i,0,0,40,3+0-VI,168,A,256,239,وَرْيٌ ، وُرْيٌ ، رِيَّةٌ,وارٍ,
083_230,تَفَعَّلَ,فعل,تفعّل,V,,,1,0,2,3+2-I,230,A,303,287,تَفَعُّلٌ,مُتَفَعِّلٌ,مُتَفَعَّلٌ
084_110,نَصَرَ,نصر,فعَل يفعُل,I,a,u,0,0,2,3+0-I,110,B,144,127,نَصْرٌ ، نُصُورٌ ، نُصْرَةٌ,نَاصِرٌ,مَنْصُورٌ
085_110,حَدَثَ,حدث,فعَل يفعُل,I,a,u,0,0,2,3+0-I,110,B,144,127,حُدُوثٌ ، حَدَاثَةٌ,حَادِثٌ,
086_205,وَحَّدَ,وحد,فعّل,II,,,0,0,13,3+1-II,205,B,266,250,تَوْحِيدٌ,مُوَحِّدٌ,مُوَحَّدٌ
087_205,يَبَّسَ,يبس,فعّل,II,,,0,0,17,3+1-II,205,B,266,250,تَيْبِيسٌ,مُيَبِّسٌ,مُيَبَّسٌ
088_206,نَوَّرَ,نور,فعّل,II,,,0,0,21,3+1-II,206,B,267,251,تَنْوِيرٌ,مُنَوِّرٌ,مُنَوَّرٌ
089_206,بَيَّضَ,بيض,فعّل,II,,,0,0,24,3+1-II,206,B,267,251,تَبْيِيضٌ,مُبَيِّضٌ,مُبَيَّضٌ
090_207,بَكَّى,بكي,فعّل,II,,,0,0,31,3+1-II,207,B,270,254,تَبْكِيَةٌ,مُبَكٍّ,مُبَكًّى
091_207,مَسَّى,مسو,فعّل,II,,,0,0,28,3+1-II,207,B,270,254,تَمْسِيَةٌ,مُمَسٍّ,مُمَسًّى
092_209,لَوَّى,لوي,فعّل,II,,,0,0,35,3+1-II,209,B,273,257,تَلْوِيَةٌ,مُلَوٍّ,مُلَوَّى
093_209,حَيَّا,حيي,فعّل,II,,,0,0,39,3+1-II,209,B,273,257,تَحِيَّةٌ,مُحَيٍّ,مُحَيَّى
094_201,قَرَّرَ,قرر,فعّل,II,,,0,0,10,3+1-II,201,B,261,245,تَقْرِيرٌ,مُقَرِّرٌ,مُقَرَّرٌ
095_201,سَبَّبَ,سبب,فعّل,II,,,0,0,10,3+1-II,201,B,261,245,تَسْبِيبٌ,مُسَبِّبٌ,مُسَبَّبٌ
096_202,أَمَّنَ,أمن,فعّل,II,,,0,0,5,3+1-II,202,B,263,247,تَأْمِينٌ,مُؤَمِّنٌ,مُؤَمَّنٌ
097_202,أَجَّلَ,أجل,فعّل,II,,,0,0,5,3+1-II,202,B,263,247,تَأْجِيلٌ,مُؤَجِّلٌ,مُؤَجَّلٌ
098_203,رَأَّسَ,رأس,فعّل,II,,,0,0,7,3+1-II,203,B,264,248,تَرْئِيسٌ,مُرَئِّسٌ,مُرَأَّسٌ
099_203,شَأَّمَ,شأم,فعّل,II,,,0,0,7,3+1-II,203,B,264,248,تَشْئِيمٌ,مُشَئِّمٌ,مُشَأَّمٌ
100_204,جَزَّأَ,جزأ,فعّل,II,,,0,0,8,3+1-II,204,B,265,249,تَجْزِيءٌ ، تَجْزِئَةٌ,مُجَزِّئٌ,مُجَزَّأٌ
101_204,هَنَّأَ,هنأ,فعّل,II,,,0,0,8,3+1-II,204,B,265,249,تَهْنِيءٌ ، تَهْنِئَةٌ,مُهَنِّئٌ,مُهَنَّأٌ
102_208,وَدَّى,ودي,فعّل,II,,,0,0,40,3+1-II,208,B,272,256,تَوْدِيَةٌ,مُوَدٍّ,مُوَدَّى
103_208,وَحَّى,وحي,فعّل,II,,,0,0,40,3+1-II,208,B,272,256,تَوْحِيَةٌ,مُوَحٍّ,مُوَحًّى
104_230,تَجَرَّدَ,جرد,تفعّل,V,,,0,0,2,3+2-I,230,B,304,288,تَجَرُّدٌ,مُتَجَرِّدٌ,مُتَجَرَّدٌ
105_230,تَزَعَّمَ,زعم,تفعّل,V,,,0,0,2,3+2-I,230,B,304,288,تَزَعُّمٌ,مُتَزَعِّمٌ,مُتَزَعَّمٌ
106_231,تَخَفَّفَ,خفف,تفعّل,V,,,0,0,10,3+2-I,231,B,306,290,تَخَفُّفٌ,مُتَخَفِّفٌ,مُتَخَفَّفٌ
107_231,تَحَدَّدَ,حدد,تفعّل,V,,,0,0,10,3+2-I,231,B,306,290,تَحَدُّدٌ,مُتَحَدِّدٌ,مُتَحَدَّدٌ
108_232,تَأَهَّلَ,أهل,تفعّل,V,,,0,0,5,3+2-I,232,B,307,291,تَأَهُّلٌ,مُتَأَهِّلٌ,مُتَأَهَّلٌ
109_232,تَأَبَّطَ,أبط,تفعّل,V,,,0,0,5,3+2-I,232,B,307,291,تَأَبُّطٌ,مُتَأَبِّطٌ,مُتَأَبَّطٌ
110_233,تَرَأَّفَ,رأف,تفعّل,V,,,0,0,7,3+2-I,233,B,308,292,تَرَؤُّفٌ,مُتَرَئِّفٌ,مُتَرَأَّفٌ
111_233,تَذَأَّبَ,ذأب,تفعّل,V,,,0,0,7,3+2-I,233,B,308,292,تَذَؤُّبٌ,مُتَذَئِّبٌ,مُتَذَأَّبٌ
112_234,تَبَرَّأَ,برأ,تفعّل,V,,,0,0,8,3+2-I,234,B,310,294,تَبَرُّؤٌ,مُتَبَرِّئٌ,مُتَبَرَّأٌ
113_234,تَنَشَّأَ,نشأ,تفعّل,V,,,0,0,8,3+2-I,234,B,310,294,تَنَشُّؤٌ,مُتَنَشِّئٌ,مُتَنَشَّأٌ
114_235,تَوَجَّهَ,وجه,تفعّل,V,,,0,0,13,3+2-I,235,B,311,295,تَوَجُّهٌ,مُتَوَجِّهٌ,مُتَوَجَّهٌ
115_235,تَيَتَّمَ,يتم,تفعّل,V,,,0,0,17,3+2-I,235,B,311,295,تَيَتُّمٌ,مُتَيَتِّمٌ,
116_235,تَوَدَّدَ,ودد,تفعّل,V,,,0,0,16,3+2-I,235,B,312,296,تَوَدُّدٌ,مُتَوَدِّدٌ,مُتَوَدَّدٌ
117_235,تَيَمَّمَ,يمم,تفعّل,V,,,0,0,18,3+2-I,235,B,312,296,تَيَمُّمٌ,مُتَيَمِّمٌ,مُتَيَمَّمٌ
118_236,تَخَوَّفَ,خوف,تفعّل,V,,,0,0,21,3+2-I,236,B,313,297,تَخَوُّفٌ,مُتَخَوِّفٌ,مُتَخَوَّفٌ
119_236,تَمَيَّزَ,ميز,تفعّل,V,,,0,0,24,3+2-I,236,B,313,297,تَمَيُّزٌ,مُتَمَيِّزٌ,مُتَمَيَّزٌ
120_236,تَأَوَّهَ,أوه,تفعّل,V,,,0,0,22,3+2-I,236,B,314,298,تَأَوُّهٌ,مُتَأَوِّهٌ,مُتَأَوَّهٌ
121_236,تَهَيَّأَ,هيأ,تفعّل,V,,,0,0,26,3+2-I,236,B,314,298,تَهَيُّؤٌ,مُتَهَيِّئٌ,مُتَهَيَّأٌ
122_236,اِطَّوَّقَ,طوق,تفعّل,V,,,0,1,21,3+2-I,236,B,315,299,اِطَّوَّاقٌ,مُطَّوِّقٌ,مُطَّوَّقٌ
123_236,اِطَّيَّرَ,طير,تفعّل,V,,,0,1,24,3+2-I,236,B,315,299,اِطَّيَّارٌ,مُطَّيِّرٌ,مُطَّيَّرٌ
124_110,دَخَلَ,دخل,فعَل يفعُل,I,a,u,0,0,2,3+0-I,110,B,145,128,دُخُولٌ ، مَدْخَلٌ,دَاخِلٌ,مَدْخُولٌ
125_110,سَقَطَ,سقط,فعَل يفعُل,I,a,u,0,0,2,3+0-I,110,B,145,128,سُقُوطٌ ، مَسْقَطٌ,سَاقِطٌ,
126_111,شَقَّ,شقق,فعَل يفعُل,I,a,u,0,0,10,3+0-I,111,B,147,130,شَقٌّ ، مَشَقَّةٌ,شاقٌّ,مَشْقُوقٌ
127_111,ظَنَّ,ظنن,فعَل يفعُل,I,a,u,0,0,10,3+0-I,111,B,147,130,ظَنٌّ,ظانٌّ,مَظْنُونٌ
128_112,أَخَذَ,أخذ,فعَل يفعُل,I,a,u,0,0,5,3+0-I,112,B,151,134,أَخْذٌ ، تَأْخَاذٌ,آخِذٌ,مَأْخُوذٌ
129_112,أَمَرَ,أمر,فعَل يفعُل,I,a,u,0,0,5,3+0-I,112,B,151,134,أَمْرٌ ، إِمَارٌ ، آمِرَةٌ ، إِمْرَةٌ ، إِمَارَةٌ,آمِرٌ,مَأْمُورٌ
130_116,عادَ,عود,فعَل يفعُل,I,a,u,0,0,21,3+0-I,116,B,156,139,عَوْدٌ ، مَعادٌ,عائِدٌ ج عُوَّدٌ وعُوَّادٌ,مَعُودٌ ، مَعْوُودٌ
131_116,كانَ,كون,فعَل يفعُل,I,a,u,0,0,21,3+0-I,116,B,156,139,كَوْنٌ ، كِيانٌ ، كِيانَةٌ ، كَيْنُونَةٌ,كائِنٌ,
132_117,عَلا,علو,فعَل يفعُل,I,a,u,0,0,28,3+0-I,117,B,159,142,عُلُوٌّ,عالٍ,مَعْلُوٌّ
133_117,غَزا,غزو,فعَل يفعُل,I,a,u,0,0,28,3+0-I,117,B,159,142,غَزْوٌ ، غَزَوانٌ ، غَزَاوَةٌ,غازٍ ج غُزَاةٌ وغُزًّى وغُزِيٌّ وغُزَّاءٌ,مَغْزُوٌّ
134_237,تَثَنَّى,ثني,تفعّل,V,,,0,0,31,3+2-I,237,B,316,300,تَثَنٍّ,مُتَثَنٍّ,مُتَثَنًّى
135_237,تَرَدَّى,ردي,تفعّل,V,,,0,0,31,3+2-I,237,B,316,300,تَرَدٍّ,مُتَرَدٍّ,مُتَرَدًّى
136_237,تَأَتَّى,أتي,تفعّل,V,,,0,0,32,3+2-I,237,B,317,301,تَأَتٍّ,مُتَأَتٍّ,مُتَأَتًّى
137_237,تَوَخَّى,وخي,تفعّل,V,,,0,0,40,3+2-I,237,B,317,301,تَوَخٍّ,مُتَوَخٍّ,مُتَوَخًّى
138_238,تَوَعَّى,وعي,تفعّل,V,,,0,0,40,3+2-I,238,B,318,302,تَوَعٍّ,مُتَوَعٍّ,مُتَوَعًّى
139_238,تَوَفَّى,وفي,تفعّل,V,,,0,0,40,3+2-I,238,B,318,302,تَوَفٍّ,مُتَوَفٍّ,مُتَوَفًّى
140_239,تَنَوَّى,نوي,تفعّل,V,,,0,0,35,3+2-I,239,B,319,303,تَنَوٌّ,مُتَنَوٍّ,مُتَنَوَّى
141_239,تَرَوَّى,روي,تفعّل,V,,,0,0,35,3+2-I,239,B,319,303,تَرَوٌّ,مُتَرَوٍّ,مُتَرَوَّى
142_240,تَقاعَدَ,قعد,تفاعل,VI,,,0,0,2,3+2-II,240,B,321,305,تَقاعُدٌ,مُتَقاعِدٌ,مُتَقاعَدٌ
143_240,تَنازَلَ,نزل,تفاعل,VI,,,0,0,2,3+2-II,240,B,321,305,تَنَازُلٌ,مُتَنَازِلٌ,مُتَنَازَلٌ
144_111,ضَمَّ,ضمم,فعَل يفعُل,I,a,u,0,0,10,3+0-I,111,B,148,131,ضَمٌّ,ضامٌّ,مَضْمومٌ
145_111,كَبَّ,كبب,فعَل يفعُل,I,a,u,0,0,10,3+0-I,111,B,148,131,كَبٌّ,كابٌّ,مَكْبوبٌ
146_111,أَبَّ,أبب,فعَل يفعُل,I,a,u,0,0,6,3+0-I,111,B,149,132,أَبٌّ ، أَبِيبٌ ، أَبَابٌ ، أَبَابَةٌ,آبٌّ,مَأْبُوبٌ
147_111,أَمَّ,أمم,فعَل يفعُل,I,a,u,0,0,6,3+0-I,111,B,149,132,أَمٌّ,آمٌّ,مَأْمُومٌ
148_120,جَلَسَ,جلس,فعَل يفعِل,I,a,i,0,0,2,3+0-II,120,B,162,145,جُلُوسٌ ، مَجْلِسٌ,جَالِسٌ,
149_120,رَجَعَ,رجع,فعَل يفعِل,I,a,i,0,0,2,3+0-II,120,B,162,145,رُجُوعٌ ، مَرْجِعٌ ، رُجْعَى ، رُجْعَانٌ ، رَجْعٌ ، رِجَاعٌ ، رُجُوعٌ,رَاجِعٌ,مَرْجُوعٌ
150_120,جَزَمَ,جزم,فعَل يفعِل,I,a,i,0,0,2,3+0-II,120,B,163,146,جَزْمٌ,جازِمٌ,مَجْزُومٌ
151_120,نَطَقَ,نطق,فعَل يفعِل,I,a,i,0,0,2,3+0-II,120,B,163,146,نُطْقٌ ، مَنْطِقٌ ، نُطُوقٌ,ناطِقٌ,مَنْطُوقٌ
152_121,خَفَّ,خفف,فعَل يفعِل,I,a,i,0,0,10,3+0-II,121,B,165,148,خَفٌّ ، خِفَّةٌ ، خَفَّةٌ ، خُفُوفٌ,خافٌّ,
153_121,رَنَّ,رنن,فعَل يفعِل,I,a,i,0,0,10,3+0-II,121,B,165,148,رَنِينٌ,رانٌّ,
154_123,نَأَتَ,نأت,فعَل يفعِل,I,a,i,0,0,7,3+0-II,123,B,171,154,نَأْتٌ ، نَئِيتٌ,نَائِتٌ,مَنْؤُوتٌ
155_123,نَأَمَ,نأم,فعَل يفعِل,I,a,i,0,0,7,3+0-II,123,B,171,154,نَئِيمٌ,نَائِمٌ,
156_125,وَأَلَ,وأل,فعَل يفعِل,I,a,i,0,0,14,3+0-II,125,B,173,156,وَأْلٌ ، وُؤُولٌ ، وَئِيلٌ,وَائِلٌ,مَوْؤُولٌ
157_125,وَعَدَ,وعد,فعَل يفعِل,I,a,i,0,0,13,3+0-II,125,B,173,156,عِدَّةٌ ، وَعْدٌ ، مَوْعِدٌ ، مَوْعُودٌ,وَاعِدٌ,مَوْعُودٌ
158_127,أَتَى,أتي,فعَل يفعِل,I,a,i,0,0,32,3+0-II,127,B,179,162,أَتْيٌ ، إِتْيَانٌ ، مَأْتَاةٌ ، إِتِيٌّ ، ومَأْتًى,آتٍ,مَأْتِيٌّ
159_127,بَنَى,بني,فعَل يفعِل,I,a,i,0,0,31,3+0-II,127,B,179,162,بَنْيٌ ، بِنَاءٌ ، بُنْيَانٌ ، بِنْيَةٌ ، بِنَايَةٌ,بانٍ ج بوانٍ,مَبْنِيٌّ
160_127,أَزَى,أزي,فعَل يفعِل,I,a,i,0,0,32,3+0-II,127,B,180,163,أَزْيٌ ، أُزِيٌّ,آزٍ,مَأْزِيٌّ
161_127,قَضَى,قضي,فعَل يفعِل,I,a,i,0,0,31,3+0-II,127,B,180,163,قَضْيٌ ، قَضَاءٌ ، قَضِيَّةٌ,قاضٍ ج قُضَاةٌ,مَقْضِيٌّ
162_129,شَوَى,شوي,فعَل يفعِل,I,a,i,0,0,35,3+0-II,129,B,185,168,شَيٌّ,شاوٍ,مَشْوِيٌّ
163_129,كَوَى,كوي,فعَل يفعِل,I,a,i,0,0,35,3+0-II,129,B,185,168,كَيٌّ,كاوٍ,مَكْوِيٌّ
164_130,رَهَنَ,رهن,فعَل يفعَل,I,a,a,0,0,2,3+0-III,130,B,188,171,رَهْنٌ,رَاهِنٌ,مَرْهُونٌ
165_130,ضَغَطَ,ضغط,فعَل يفعَل,I,a,a,0,0,2,3+0-III,130,B,188,171,ضَغْطٌ,ضَاغِطٌ,مَضْغُوطٌ
166_130,مَنَعَ,منع,فعَل يفعَل,I,a,a,0,0,2,3+0-III,130,B,189,172,مَنْعٌ,مانِعٌ ج مَنَعَةٌ,مَمْنُوعٌ
167_130,ذَهَبَ,ذهب,فعَل يفعَل,I,a,a,0,0,2,3+0-III,130,B,189,172,ذَهابٌ ، ذُهُوبٌ ، مَذْهَبٌ,ذاهِبٌ، ذَهُوبٌ,مَذْهُوبٌ
168_131,كَعَّ,كعع,فعَل يفعَل,I,a,a,0,0,10,3+0-III,131,B,191,174,كُعُوعٌ ، كَعٌّ ، كَعَاعَةٌ,كَعٌّ، كَاعٌّ,
169_131,رَخَّ,رخخ,فعَل يفعَل,I,a,a,0,0,10,3+0-III,131,B,191,174,رَخٌّ,رَاخٌّ,
170_134,دَرَأَ,درأ,فعَل يفعَل,I,a,a,0,0,8,3+0-III,134,B,196,179,دَرْءٌ,دارِئٌ,مَدْرُوءٌ
171_134,لَجَأَ,لجأ,فعَل يفعَل,I,a,a,0,0,8,3+0-III,134,B,196,179,لَجْءٌ ، لُجُوءٌ,لاجِئٌ,
172_140,حَسُنَ,حسن,فعُل يفعُل,I,u,u,0,0,2,3+0-V,140,B,207,190,حُسْنٌ,حَاسِنٌ,
173_140,عَنُفَ,عنف,فعُل يفعُل,I,u,u,0,0,2,3+0-V,140,B,207,190,عُنْفٌ ، عَنَافَةٌ,عَانِفٌ,
174_140,صَعُبَ,صعب,فعُل يفعُل,I,u,u,0,0,2,3+0-V,140,B,208,191,صُعُوبَةٌ,صَاعِبٌ,
175_140,كَبُرَ,كبر,فعُل يفعُل,I,u,u,0,0,2,3+0-V,140,B,208,191,كِبَرٌ ، كُبْرٌ ، كَبَارَةٌ,كَابِرٌ,
176_142,أَدُبَ,أدب,فعُل يفعُل,I,u,u,0,0,5,3+0-V,142,B,213,196,أَدَبٌ,آدِبٌ,
177_142,أَنُثَ,أنث,فعُل يفعُل,I,u,u,0,0,5,3+0-V,142,B,213,196,أَنْثٌ,آنِثٌ,
178_144,بَطُؤَ,بطؤ,فعُل يفعُل,I,u,u,0,0,8,3+0-V,144,B,217,200,بُطْءٌ,باطِئٌ,
179_144,نَشُؤَ,نشؤ,فعُل يفعُل,I,u,u,0,0,8,3+0-V,144,B,217,200,نَشْءٌ ، نُشُوءٌ ، نَشَاءٌ ، نَشْأَةٌ ، نَشَاءَةٌ,ناشِئٌ,
180_145,وَخُشَ,وخش,فعُل يفعُل,I,u,u,0,0,13,3+0-V,145,B,219,202,وَخَاشَةٌ ، وُخُوشَةٌ,وَاخِشٌ,
181_145,وَسُمَ,وسم,فعُل يفعُل,I,u,u,0,0,13,3+0-V,145,B,219,202,وَسَامَةٌ ، وَسَامٌ,وَاسِمٌ,
182_150,فَرِحَ,فرح,فعِل يفعَل,I,i,a,0,0,2,3+0-IV,150,B,224,207,فَرَحٌ,فارِحٌ,
183_150,شَبِعَ,شبع,فعِل يفعَل,I,i,a,0,0,2,3+0-IV,150,B,224,207,شَبْعٌ ، شِبَعٌ,شابِعٌ,
184_150,حَزِنَ,حزن,فعِل يفعَل,I,i,a,0,0,2,3+0-IV,150,B,225,208,حَزَنٌ ، حُزْنٌ,حازِنٌ,مَحْزُونٌ
185_150,رَكِبَ,ركب,فعِل يفعَل,I,i,a,0,0,2,3+0-IV,150,B,225,208,رَكْبٌ ، رُكُوبٌ ، مَرْكَبٌ,راكِبٌ,مَرْكُوبٌ
186_150,شَرِبَ,شرب,فعِل يفعَل,I,i,a,0,0,2,3+0-IV,150,B,226,209,شَرْبٌ ، شُرْبٌ ، شِرْبٌ ، مَشْرَبٌ ، تَشْرَابٌ,شَارِبٌ,مَشْرُوبٌ
187_150,ضَحِكَ,ضحك,فعِل يفعَل,I,i,a,0,0,2,3+0-IV,150,B,226,209,ضَحْكٌ ، ضِحْكٌ ، ضَحِكٌ ، ضُحْكٌ,ضَاحِكٌ,
188_151,جَفَّ,جفف,فعِل يفعَل,I,i,a,0,0,10,3+0-IV,151,B,228,211,جُفُوفٌ ، جَفَافٌ,جافٌّ,مَجْفُوفٌ
189_151,هَدَّ,هدد,فعِل يفعَل,I,i,a,0,0,10,3+0-IV,151,B,228,211,هَدٌّ ، هُدُودٌ,هادٌّ,مَهْدُودٌ
190_151,خَصَّ,خصص,فعِل يفعَل,I,i,a,0,0,10,3+0-IV,151,B,229,212,خَصَاصٌ ، خَصَاصَةٌ ، خَصَاصَاءُ,خَاصٌّ,
191_151,شَمَّ,شمم,فعِل يفعَل,I,i,a,0,0,10,3+0-IV,151,B,229,212,شَمَمٌ ، شَمٌّ,شَامٌّ,مَشْمُومٌ
192_152,أَذِنَ,أذن,فعِل يفعَل,I,i,a,0,0,5,3+0-IV,152,B,231,214,إِذْنٌ ، أَذَنٌ ، أَذَانٌ ، أَذَانَةٌ ، أُذَيْنٌ,آذِنٌ,مَأْذُونٌ
193_152,أَسِدَ,أسد,فعِل يفعَل,I,i,a,0,0,5,3+0-IV,152,B,231,214,أَسَدٌ,آسِدٌ,
194_117,شَأَى,شأو,فعَل يفعُل,I,a,u,0,0,30,3+0-I,117,B,160,143,شَأْوٌ,شاءٍ,مَشْؤُوٌّ
195_152,أَثِمَ,أثم,فعِل يفعَل,I,i,a,0,0,5,3+0-IV,152,B,232,215,إِثْمٌ ، أَثَمٌ ، مَأْثَمٌ,آثِمٌ,مَأْثُومٌ
196_152,أَنِسَ,أنس,فعِل يفعَل,I,i,a,0,0,5,3+0-IV,152,B,232,215,أَنَسٌ ، أَنَسَةٌ,آنِسٌ,مَأْنُوسٌ
197_153,سَئِمَ,سئم,فعِل يفعَل,I,i,a,0,0,7,3+0-IV,153,B,234,217,سَأْمٌ ، سَأَمٌ ، سَأْمَةٌ ، سَآمٌ ، سَآمَةٌ,سَائِمٌ,مَسْؤُومٌ
198_154,دَفِئَ,دفئ,فعِل يفعَل,I,i,a,0,0,8,3+0-IV,154,B,237,220,دَفْءٌ ، دُفْءٌ,دافِئٌ,مَدْفُوءٌ
199_159,دَوِيَ,دوي,فعِل يفعَل,I,i,a,0,0,35,3+0-IV,159,B,249,232,دَوًى,دَاوٍ,
200_159,سَوِيَ,سوي,فعِل يفعَل,I,i,a,0,0,35,3+0-IV,159,B,249,232,سِوًى,ساوٍ,مَسْوِيٌّ
201_159,قَوِيَ,قوي,فعِل يفعَل,I,i,a,0,0,35,3+0-IV,159,B,250,233,قُوَّةٌ ، قِيٌّ ، قَوَايَةٌ,قاوٍ,مَقْوِيٌّ
202_165,وَرِمَ,ورم,فعِل يفعِل,I,i,i,0,0,13,3+0-VI,165,B,254,237,وَرَمٌ,وارِمٌ,
203_165,وَرِثَ,ورث,فعِل يفعِل,I,i,i,0,0,13,3+0-VI,165,B,255,238,وِرْثٌ ، إِرْثٌ ، إِرْثَةٌ ، وِرَاثَةٌ ، رِثَةٌ ، تُرَاثٌ,وارِثٌ ج وُرَّاثٌ ووَرَثَةٌ,مَوْرُوثٌ
204_165,يَئِسَ,يئس,فعِل يفعِل,I,i,i,0,0,17,3+0-VI,165,B,255,238,يَأْسٌ ، يَآسَةٌ,يَائِسٌ,مَيْؤُوسٌ
205_210,تابَعَ,تبع,فاعل,III,,,0,0,2,3+1-III,210,B,275,259,مُتَابَعَةٌ,مُتَابِعٌ,مُتَابَعٌ
206_210,غادَرَ,غدر,فاعل,III,,,0,0,2,3+1-III,210,B,275,259,مُغَادَرَةٌ ، غِدَارٌ,مُغَادِرٌ,مُغَادَرٌ
207_211,ضارَّ,ضرر,فاعل,III,,,0,0,10,3+1-III,211,B,276,260,مُضَارَّةٌ ، ضِرَارٌ,مُضَارٌّ (مُضَارِرٌ),مُضَارٌّ (مُضَارَرٌ)
208_211,شادَّ,شدد,فاعل,III,,,0,0,10,3+1-III,211,B,276,260,مُشَادَّةٌ,مُشَادٌّ (مُشَادِدٌ),مُشَادٌّ (مُشَادَدٌ)
209_214,كافَأَ,كفأ,فاعل,III,,,0,0,8,3+1-III,214,B,280,264,مُكَافَأَةٌ ، كِفَاءٌ,مُكَافِئٌ,مُكَافَأٌ
210_215,وَاجَبَ,وجب,فاعل,III,,,0,0,13,3+1-III,215,B,281,265,مُواجَبَةٌ ، وِجَابٌ,مُواجِبٌ,مُواجَبٌ
211_215,يَاسَرَ,يسر,فاعل,III,,,0,0,17,3+1-III,215,B,281,265,مُياسَرَةٌ,مُياسِرٌ,مُياسَرٌ
212_216,جاوَبَ,جوب,فاعل,III,,,0,0,21,3+1-III,216,B,282,266,مُجاوَبَةٌ,مُجاوِبٌ,مُجاوَبٌ
213_216,بايَعَ,بيع,فاعل,III,,,0,0,24,3+1-III,216,B,282,266,مُبايَعَةٌ ، بِياعٌ,مُبايِعٌ,مُبايَعٌ
214_219,داوَى,دوي,فاعل,III,,,0,0,35,3+1-III,219,B,287,271,مُداواةٌ ، دِواءٌ,مُداوٍ,مُداوَى
215_220,أَثْبَتَ,ثبت,أفعل,IV,,,0,0,2,3+1-I,220,B,290,274,إِثْباتٌ,مُثْبِتٌ,مُثْبَتٌ
216_220,أَعْرَبَ,عرب,أفعل,IV,,,0,0,2,3+1-I,220,B,290,274,إِعْرابٌ,مُعْرِبٌ,مُعْرَبٌ
217_221,أَحَبَّ,حبب,أفعل,IV,,,0,0,10,3+1-I,221,B,291,275,إِحْبابٌ,مُحِبٌّ,مُحَبٌّ، مَحْبُوبٌ
218_221,أَرَقَّ,رقق,أفعل,IV,,,0,0,10,3+1-I,221,B,291,275,إِرْقاقٌ,مُرِقٌّ,مُرَقٌّ
219_224,أَخْطَأَ,خطأ,أفعل,IV,,,0,0,8,3+1-I,224,B,294,278,إِخْطَاءٌ,مُخْطِئٌ,مُخْطَأٌ
220_224,أَنْبَأَ,نبأ,أفعل,IV,,,0,0,8,3+1-I,224,B,294,278,إِنْبَاءٌ,مُنْبِئٌ,مُنْبَأٌ
221_225,أَوْحَشَ,وحش,أفعل,IV,,,0,0,13,3+1-I,225,B,295,279,إِيْحاشٌ,مُوْحِشٌ,مُوْحَشٌ
222_225,أَيْقَظَ,يقظ,أفعل,IV,,,0,0,17,3+1-I,225,B,295,279,إِيْقَاظٌ,مُوْقِظٌ,مُوْقَظٌ
223_229,أَهْوَى,هوي,أفعل,IV,,,0,0,35,3+1-I,229,B,302,286,إِهْوَاءٌ,مُهْوٍ,مُهْوَى
224_233,تَكَأَّدَ,كأد,تفعّل,V,,,0,0,7,3+2-I,233,B,309,293,تَكَؤُّدٌ,مُتَكَئِّدٌ,مُتَكَأَّدٌ
225_233,تَسَوَّلَ,سول,تفعّل,V,,,0,0,21,3+2-I,233,B,309,293,تَسَوُّلٌ,مُتَسَوِّلٌ,مُتَسَوَّلٌ
226_241,تَراصَّ,رصص,تفاعل,VI,,,0,0,10,3+2-II,241,B,323,307,تَرَاصٌّ,مُتَرَاصٌّ (مُتَرَاصِصٌ),
227_241,تَمارَّ,مرر,تفاعل,VI,,,0,0,10,3+2-II,241,B,323,307,تَمَارٌّ,مُتَمَارٌّ (مُتَمَارِرٌ),
228_244,تَخاطَأَ,خطأ,تفاعل,VI,,,0,0,8,3+2-II,244,B,327,311,تَخَاطُؤٌ,مُتَخَاطِئٌ,مُتَخَاطَأٌ
229_244,تَرافَأَ,رفأ,تفاعل,VI,,,0,0,8,3+2-II,244,B,327,311,تَرَافُؤٌ,مُتَرَافِئٌ,
230_245,تَوَارَدَ,ورد,تفاعل,VI,,,0,0,13,3+2-II,245,B,329,313,تَوَارُدٌ,مُتَوَارِدٌ,مُتَوَارَدٌ
231_245,تَيَامَنَ,يمن,تفاعل,VI,,,0,0,17,3+2-II,245,B,329,313,تَيَامُنٌ,مُتَيَامِنٌ,مُتَيَامَنٌ
232_246,تَداوَلَ,دول,تفاعل,VI,,,0,0,21,3+2-II,246,B,330,314,تَدَاوُلٌ,مُتَدَاوِلٌ,مُتَدَاوَلٌ
233_246,تَقايَضَ,قيض,تفاعل,VI,,,0,0,24,3+2-II,246,B,330,314,تَقَايُضٌ,مُتَقَايِضٌ,
234_250,اِنْخَرَطَ,خرط,انفعل,VII,,,0,0,2,3+2-IV,250,B,338,322,اِنْخِراطٌ,مُنْخَرِطٌ,مُنْخَرَطٌ
235_250,اِنْطَلَقَ,طلق,انفعل,VII,,,0,0,2,3+2-IV,250,B,338,322,اِنْطِلاقٌ,مُنْطَلِقٌ,مُنْطَلَقٌ
236_153,فَئِدَ,فئد,فعِل يفعَل,I,i,a,0,0,7,3+0-IV,153,B,234,217,فَأْدٌ,فائِدٌ,مَفْؤُودٌ
237_154,بَرِئَ,برئ,فعِل يفعَل,I,i,a,0,0,8,3+0-IV,154,B,237,220,بَراءٌ ، بَراءَةٌ ، بُرُوءٌ ، بُرْءٌ,بارِئٌ,مَبْرُوءٌ
238_159,عَيِيَ,عيي,فعِل يفعَل,I,i,a,0,0,39,3+0-IV,159,B,250,233,عَيٌّ ، عَيَاءٌ,عايٍ,مَعْيِيٌّ
239_214,باطَأَ,بطأ,فاعل,III,,,0,0,8,3+1-III,214,B,280,264,مُبَاطَأَةٌ,مُبَاطِئٌ,مُبَاطَأٌ
240_219,عايا,عيي,فاعل,III,,,0,0,39,3+1-III,219,B,287,271,مُعَاياةٌ,مُعايٍ,مُعايًى
241_229,أَحْيا,حيي,أفعل,IV,,,0,0,39,3+1-I,229,B,302,286,إِحْيَاءٌ,مُحْيٍ,مُحْيًى
242_248,تَوانَى,وني,تفاعل,VI,,,0,0,40,3+2-II,248,B,335,319,تَوانٍ,مُتَوانٍ,مُتَوانًى
243_248,تَوَارَى,وري,تفاعل,VI,,,0,0,40,3+2-II,248,B,335,319,تَوارٍ,مُتَوارٍ,
244_251,اِنْشَقَّ,شقق,انفعل,VII,,,0,0,10,3+2-IV,251,B,340,324,اِنْشِقاقٌ,مُنْشَقٌّ,
245_251,اِنْدَسَّ,دسس,انفعل,VII,,,0,0,10,3+2-IV,251,B,340,324,اِنْدِساسٌ,مُنْدَسٌّ (مُنْدَسِسٌ),مُنْدَسٌّ (مُنْدَسَسٌ)
246_254,اِنْدَرَأَ,درأ,انفعل,VII,,,0,0,8,3+2-IV,254,B,342,326,اِنْدِراءٌ,مُنْدَرِئٌ,
247_254,اِنْكَفَأَ,كفأ,انفعل,VII,,,0,0,8,3+2-IV,254,B,342,326,اِنْكِفاءٌ,مُنْكَفِئٌ,مُنْكَفَأٌ
248_259,اِنْزَوَى,زوي,انفعل,VII,,,0,0,35,3+2-IV,259,B,348,332,اِنْزِواءٌ,مُنْزَوٍ,مُنْزَوًى
249_259,اِنْشَوَى,شوي,انفعل,VII,,,0,0,35,3+2-IV,259,B,348,332,اِنْشِواءٌ,مُنْشَوٍ,
250_260,اِرْتَبَطَ,ربط,افتعل,VIII,,,0,0,2,3+2-III,260,B,350,334,اِرْتِباطٌ,مُرْتَبِطٌ,مُرْتَبَطٌ
251_260,اِمْتَزَجَ,مزج,افتعل,VIII,,,0,0,2,3+2-III,260,B,350,334,اِمْتِزاجٌ,مُمْتَزِجٌ,مُمْتَزَجٌ
252_260,اِزْدَحَمَ,زحم,افتعل,VIII,,,0,0,2,3+2-III,260,B,351,335,اِزْدِحامٌ,مُزْدَحِمٌ,مُزْدَحَمٌ
253_260,اِضْطَلَعَ,ضلع,افتعل,VIII,,,0,0,2,3+2-III,260,B,351,335,اِضْطِلاعٌ,مُضْطَلِعٌ,مُضْطَلَعٌ
254_261,اِرْتَدَّ,ردد,افتعل,VIII,,,0,0,10,3+2-III,261,B,355,339,اِرْتِدادٌ,مُرْتَدٌّ (مُرْتَدِدٌ),مُرْتَدٌّ (مُرْتَدَدٌ)
255_261,اِحْتَلَّ,حلل,افتعل,VIII,,,0,0,10,3+2-III,261,B,355,339,اِحْتِلالٌ,مُحْتَلٌّ (مُحْتَلِلٌ),مُحْتَلٌّ (مُحْتَلَلٌ)
256_261,اِصْطَفَّ,صفف,افتعل,VIII,,,0,0,10,3+2-III,261,B,356,340,اِصْطِفَافٌ,مُصْطَفٌّ (مُصْطَفِفٌ),مُصْطَفٌّ (مُصْطَفَفٌ)
257_261,اِزْدَمَّ,زمم,افتعل,VIII,,,0,0,10,3+2-III,261,B,356,340,اِزْدِمَامٌ,مُزْدَمٌّ (مُزْدَمِمٌ),مُزْدَمٌّ (مُزْدَمَمٌ)
258_262,اِئْتَمَنَ,ئمن,افتعل,VIII,,,0,0,5,3+2-III,262,B,358,342,اِئْتِمانٌ,مُؤْتَمِنٌ,مُؤْتَمَنٌ
259_262,اِئْتَشَرَ,ئشر,افتعل,VIII,,,0,0,5,3+2-III,262,B,358,342,اِئْتِشارٌ,مُؤْتَشِرٌ,
260_264,اِبْتَدَأَ,بدأ,افتعل,VIII,,,0,0,8,3+2-III,264,B,362,346,اِبْتِدَاءٌ,مُبْتَدِئٌ,مُبْتَدَأٌ
261_264,اِلْتَجَأَ,لجأ,افتعل,VIII,,,0,0,8,3+2-III,264,B,362,346,اِلْتِجَاءٌ,مُلْتَجِئٌ,مُلْتَجَأٌ
262_269,اِسْتَوَى,سوي,افتعل,VIII,,,0,0,35,3+2-III,269,B,371,355,اِسْتِواءٌ,مُسْتَوٍ,مُسْتَوًى
263_269,اِلْتَوَى,لوي,افتعل,VIII,,,0,0,35,3+2-III,269,B,371,355,اِلْتِواءٌ,مُلْتَوٍ,
264_270,اِزْرَقَّ,زرق,افعلّ,IX,,,0,0,2,3+2-V,270,B,373,357,إِزْرِقاقٌ.,مُزْرَقٌّ.,
265_270,اِخْرَجَّ,خرج,افعلّ,IX,,,0,0,2,3+2-V,270,B,373,357,إِخْرِجاجٌ.,مُخْرَجٌّ.,
266_276,اِسْوَدَّ,سود,افعلّ,IX,,,0,0,21,3+2-V,276,B,374,358,اِسْوِدادٌ,مُسْوَدٌّ,
267_276,اِبْيَضَّ,بيض,افعلّ,IX,,,0,0,24,3+2-V,276,B,374,358,اِبْيِضاضٌ,مُبْيَضٌّ,
268_280,اِسْتَغْرَبَ,غرب,استفعل,X,,,0,0,2,3+3-I,280,B,377,361,اِسْتِغْرَابٌ,مُسْتَغْرِبٌ,مُسْتَغْرَبٌ
269_280,اِسْتَقْبَلَ,قبل,استفعل,X,,,0,0,2,3+3-I,280,B,377,361,اِسْتِقْبَالٌ,مُسْتَقْبِلٌ,مُسْتَقْبَلٌ
270_281,اِسْتَرَدَّ,ردد,استفعل,X,,,0,0,10,3+3-I,281,B,378,362,اِسْتِرْدادٌ,مُسْتَرِدٌّ,مُسْتَرَدٌّ
271_281,اِسْتَفَزَّ,فزز,استفعل,X,,,0,0,10,3+3-I,281,B,378,362,اِسْتِفْزازٌ,مُسْتَفِزٌّ,مُسْتَفَزٌّ
272_285,اِسْتَوْزَرَ,وزر,استفعل,X,,,0,0,13,3+3-I,285,B,383,367,اِسْتِيزَارٌ,مُسْتَوْزِرٌ,مُسْتَوْزَرٌ
273_285,اِسْتَيْقَظَ,يقظ,استفعل,X,,,0,0,17,3+3-I,285,B,383,367,اِسْتِيقَاظٌ,مُسْتَيْقِظٌ,مُسْتَيْقَظٌ
274_287,اِسْتَأْدَى,أدي,استفعل,X,,,0,0,32,3+3-I,287,B,387,371,اِسْتِئْدَاءٌ,مُسْتَأْدٍ,مُسْتَأْدًى
275_287,اِسْتَأْنَى,أني,استفعل,X,,,0,0,32,3+3-I,287,B,387,371,اِسْتِئْنَاءٌ,مُسْتَأْنٍ,مُسْتَأْنًى
276_288,اِسْتَوْفَى,وفي,استفعل,X,,,0,0,40,3+3-I,288,B,388,372,اِسْتِيفاءٌ,مُسْتَوْفٍ,مُسْتَوْفًى
277_288,اِسْتَوْلَى,ولي,استفعل,X,,,0,0,40,3+3-I,288,B,388,372,اِسْتِيلاءٌ,مُسْتَوْلٍ,مُسْتَوْلًى
278_289,اِسْتَقْوَى,قوي,استفعل,X,,,0,0,35,3+3-I,289,B,389,373,اِسْتِقْواءٌ,مُسْتَقْوٍ,مُسْتَقْوًى
279_289,اِسْتَحْيا,حيي,استفعل,X,,,0,0,39,3+3-I,289,B,389,373,اِسْتِحْياءٌ,مُسْتَحٍ,مُسْتَحًى
280_311,زَلْزَلَ,زلزل,فعلل,Iq,,,0,0,46,4+0,311,B,403,388,زَلْزَلَةٌ ، زِلْزَالٌ,مُزَلْزِلٌ,مُزَلْزَلٌ
281_311,قَهْقَرَ,قهقر,فعلل,Iq,,,0,0,44,4+0,311,B,403,388,قَهْقَرَةٌ,مُقَهْقِرٌ,
282_314,سَمْأَلَ,سمأل,فعلل,Iq,,,0,0,45,4+0,314,B,406,391,سَمْأَلَةٌ,مُسَمْئِلٌ,
283_314,كَرْفَأَ,كرفأ,فعلل,Iq,,,0,0,45,4+0,314,B,406,391,كَرْفَأَةٌ,مُكَرْفِئٌ,
284_315,وَرْوَرَ,ورور,فعلل,Iq,,,0,0,55,4+0,315,B,407,392,وَرْوَرَةٌ,مُوَرْوِرٌ,مُوَرْوَرٌ
285_315,وَشْوَشَ,وشوش,فعلل,Iq,,,0,0,55,4+0,315,B,407,392,وَشْوَشَةٌ,مُوَشْوِشٌ,مُوَشْوَشٌ
286_317,دَهْوَرَ,دهور,فعلل,Iq,,,0,0,50,4+0,317,B,410,395,دَهْوَرَةٌ,مُدَهْوِرٌ,مُدَهْوَرٌ
287_317,رَهْيَأَ,رهيأ,فعلل,Iq,,,0,0,51,4+0,317,B,410,395,رَهْيَأَةٌ,مُرَهْيِئٌ,
288_318,وَزْوَزَ,وزوز,فعلل,Iq,,,0,0,55,4+0,318,B,411,396,وَزْوَزَةٌ,مُوَزْوِزٌ,مُوَزْوَزٌ
289_318,وَقْوَقَ,وقوق,فعلل,Iq,,,0,0,55,4+0,318,B,411,396,وَقْوَقَةٌ,مُوَقْوِقٌ,
290_410,تَزَحْلَقَ,زحلق,تفعلل,IIq,,,0,0,44,4+1,410,B,417,403,تَزَحْلُقٌ,مُتَزَحْلِقٌ,مُتَزَحْلَقٌ
291_410,تَقَرْفَصَ,قرفص,تفعلل,IIq,,,0,0,44,4+1,410,B,417,403,تَقَرْفُصٌ,مُتَقَرْفِصٌ,
292_116,سَاءَ,سوء,فعَل يفعُل,I,a,u,0,0,23,3+0-I,116,B,157,140,سَوْءٌ ، سَواءٌ ، سَوايَةٌ ، سَوائِيَّةٌ ، مَساءٌ ، مَسايَةٌ ، مَسائِيَّةٌ,ساوِئٌ,مَسْؤُوءٌ، مَسُوءٌ
293_122,أَرَمَ,أرم,فعَل يفعِل,I,a,i,0,0,5,3+0-II,122,B,169,152,أَرْمٌ,آرِمٌ,مَأْرُومٌ
294_125,وَأَدَ,وأد,فعَل يفعِل,I,a,i,0,0,14,3+0-II,125,B,174,157,وَأْدٌ,وَائِدٌ,مَوْؤُودٌ
295_126,ضافَ,ضيف,فعَل يفعِل,I,a,i,0,0,24,3+0-II,126,B,176,159,ضَيْفٌ ، ضِيافَةٌ,ضائِفٌ,مَضِيفٌ
296_126,لانَ,لين,فعَل يفعِل,I,a,i,0,0,24,3+0-II,126,B,177,160,لِينٌ ، لَيَانٌ,,مَلِينٌ
297_128,وَأَى,وأي,فعَل يفعِل,I,a,i,0,0,40,3+0-II,128,B,182,165,وَأْيٌ,وَاءٍ,مَوْئِيٌّ
298_128,وَعَى,وعي,فعَل يفعِل,I,a,i,0,0,40,3+0-II,128,B,182,165,وَعْيٌ,وَاعٍ,مَوْعِيٌّ
299_129,أَوَى,أوي,فعَل يفعِل,I,a,i,0,0,36,3+0-II,129,B,184,167,أَوْيٌ ، أُوِيٌّ ، إِواءٌ ، أَوْيَةٌ ، مَأْوِيَةٌ ، مَأْواةٌ,آوٍ,مَأْوِيٌّ
300_129,حَوَى,حوي,فعَل يفعِل,I,a,i,0,0,35,3+0-II,129,B,184,167,حَيٌّ ، حَوَايَةٌ,حَاوٍ,مَحْوِيٌّ
301_133,زَأَرَ,زأر,فعَل يفعَل,I,a,a,0,0,7,3+0-III,133,B,194,177,زَأْرٌ ، زَئِيرٌ ، تَزْآرٌ,زَائِرٌ,
302_135,وَزَعَ,وزع,فعَل يفعَل,I,a,a,0,0,13,3+0-III,135,B,199,182,وَزْعٌ,وازِعٌ,مَوْزوعٌ
303_136,داءَ,دوء,فعَل يفعَل,I,a,a,0,0,23,3+0-III,136,B,201,184,دَوْءٌ ، داءٌ,(داوِىٌّ) ، داءٍ,
304_136,جادَ,جود,فعَل يفعَل,I,a,a,0,0,21,3+0-III,136,B,201,184,جَيْدٌ,جائِدٌ,
305_136,حارَ,حور,فعَل يفعَل,I,a,a,0,0,21,3+0-III,136,B,202,185,حَيْرٌ ، حَيْرَةٌ ، حَيَرٌ ، حَيَرَانٌ,حَائِرٌ,مَحُورٌ
306_137,نَهَى,نهي,فعَل يفعَل,I,a,a,0,0,31,3+0-III,137,B,204,187,نَهْيٌ,نَاهٍ,مَنْهِيٌّ
307_137,ذَلَى,ذلي,فعَل يفعَل,I,a,a,0,0,31,3+0-III,137,B,205,188,ذَلْيٌ,ذالٍ,مَذْلِيٌّ
308_147,حَلُوَ,حلو,فعُل يفعُل,I,u,u,0,0,28,3+0-V,147,B,222,205,حَلاوَةٌ ، حَلْوٌ ، حُلْوانٌ,حالٍ,
309_147,سَرُوَ,سرو,فعُل يفعُل,I,u,u,0,0,28,3+0-V,147,B,222,205,سَرْوٌ ، سَراوَةٌ ، سِرٌّ ، سَراءٌ,سارٍ,
310_153,صَئِبَ,صئب,فعِل يفعَل,I,i,a,0,0,7,3+0-IV,153,B,235,218,صَأْبٌ,صَائِبٌ,مَصْؤُوبٌ
311_155,وَجِعَ,وجع,فعِل يفعَل,I,i,a,0,0,13,3+0-IV,155,B,240,223,وَجَعٌ,وَاجِعٌ,مَوْجُوعٌ
312_156,كادَ,كود,فعِل يفعَل,I,i,a,0,0,21,3+0-IV,156,B,242,225,كَوْدٌ ، مَكَادٌ,كَائِدٌ,مَكُوْدٌ
313_156,هاءَ,هوء,فعِل يفعَل,I,i,a,0,0,23,3+0-IV,156,B,242,225,هَيْأَةٌ ، هِيَاءَةٌ,هايِئٌ,مَهيءٌ
314_157,أَذِيَ,أذي,فعِل يفعَل,I,i,a,0,0,32,3+0-IV,157,B,245,228,أَذًى,آذٍ,مَأْذِيٌّ
315_157,سَخِيَ,سخي,فعِل يفعَل,I,i,a,0,0,31,3+0-IV,157,B,245,228,سَخاءٌ ، سَخًى ، سُخُوٌّ ، سُخُوَّةٌ,ساخٍ,مَسْخِيٌّ
316_157,أَسِيَ,أسي,فعِل يفعَل,I,i,a,0,0,32,3+0-IV,157,B,246,229,أَسًى,آسٍ ج أَسْيانُونَ وأَسايُونَ.,مَأْسِيٌّ.
317_157,عَرِيَ,عري,فعِل يفعَل,I,i,a,0,0,31,3+0-IV,157,B,246,229,عُرْيٌ ، عُرْيَةٌ,عارٍ.,مَعْرِيٌّ.
318_200,نَفَّذَ,نفذ,فعّل,II,,,0,0,2,3+1-II,200,B,260,244,تَنْفِيذٌ,مُنَفِّذٌ,مُنَفَّذٌ
319_206,فَيَّأَ,فيأ,فعّل,II,,,0,0,26,3+1-II,206,B,269,253,تَفْيِئَةٌ,مُفَيِّئٌ,مُفَيَّأٌ
320_207,أَدَّى,أدي,فعّل,II,,,0,0,32,3+1-II,207,B,271,255,تَأْدِيَةٌ,مُؤَدٍّ,مُؤَدَّى
321_207,رَأَّى,رأو,فعّل,II,,,0,0,30,3+1-II,207,B,271,255,تَرْئِيَةٌ,مُرَأٍّ,مُرَأَّى
322_216,جايَأَ,جيأ,فاعل,III,,,0,0,26,3+1-III,216,B,283,267,مُجَايَأَةٌ ، جِيَاءٌ,مُجَايِئٌ,مُجَايَأٌ
323_218,وارَى,وري,فاعل,III,,,0,0,40,3+1-III,218,B,286,270,مُواراةٌ,مُوارٍ,مُوارًى
324_219,قاوَى,قوي,فاعل,III,,,0,0,35,3+1-III,219,B,288,272,مُقَاوَاةٌ,مُقَاوٍ,مُقَاوًى
325_223,أَبْأَسَ,بأس,أفعل,IV,,,0,0,7,3+1-I,223,B,293,277,إِبْآسٌ,مُبْئِسٌ,مُبْأَسٌ
326_226,أَثارَ,ثور,أفعل,IV,,,0,0,21,3+1-I,226,B,296,280,إِثَارَةٌ,مُثِيرٌ,مُثَارٌ
327_226,أَرادَ,رود,أفعل,IV,,,0,0,21,3+1-I,226,B,296,280,إِرَادَةٌ,مُرِيدٌ,مُرَادٌ
328_226,أَخْيَلَ,خيل,أفعل,IV,,,0,0,24,3+1-I,226,B,297,281,إِخْيالٌ,مُخْيِلٌ,مُخْيَلٌ
329_226,أَسَاءَ,سوء,أفعل,IV,,,0,0,23,3+1-I,226,B,298,282,إساءَةٌ,مُسيءٌ,مُساءٌ
330_227,أَبْدَى,بدو,أفعل,IV,,,0,0,28,3+1-I,227,B,299,283,إِبْداءٌ,مُبْدٍ,مُبْدًى
331_227,أَحْصَى,حصو,أفعل,IV,,,0,0,28,3+1-I,227,B,299,283,إِحْصاءٌ,مُحْصٍ,مُحْصًى
332_227,أَفْأَى,فأو,أفعل,IV,,,0,0,30,3+1-I,227,,300,,,,
333_228,أَوْصَى,وصي,أفعل,IV,,,0,0,40,3+1-I,228,B,301,285,إِيصاءٌ,مُوصٍ,مُوصًى
334_247,تَلاقَى,لقو,تفاعل,VI,,,0,0,28,3+2-II,247,B,333,317,تَلَاقٍ,مُتَلَاقٍ,
335_247,تَبارَى,برو,تفاعل,VI,,,0,0,28,3+2-II,247,B,333,317,تَبَارٍ,مُتَبَارٍ,
336_249,تَدَاوَى,دوي,تفاعل,VI,,,0,0,35,3+2-II,249,B,336,320,تَدَاوٍ,مُتَدَاوٍ,مُتَدَاوًى
337_256,اِنْزالَ,زول,انفعل,VII,,,0,0,21,3+2-IV,256,B,344,328,اِنْزِيالٌ,مُنْزالٌ,مُنْزالٌ
338_256,اِنْقادَ,قود,انفعل,VII,,,0,0,21,3+2-IV,256,B,344,328,اِنْقِيادٌ,مُنْقادٌ,مُنْقادٌ
339_257,اِنْبَرَى,برو,انفعل,VII,,,0,0,28,3+2-IV,257,B,346,330,اِنْبِراءٌ,مُنْبَرٍ.,مُنْبَرًى.
340_257,اِنْجَلَى,جلو,انفعل,VII,,,0,0,28,3+2-IV,257,B,346,330,اِنْجِلاءٌ,مُنْجَلٍ.,مُنْجَلًى.
341_260,اِصْطَدَمَ,صدم,افتعل,VIII,,,0,0,2,3+2-III,260,B,353,337,اِصْطِدَامٌ,مُصْطَدِمٌ,مُصْطَدَمٌ
342_261,اِئْتَجَّ,ئجج,افتعل,VIII,,,0,0,6,3+2-III,261,B,357,341,اِئْتِجَاجٌ,مُؤْتَجٌّ (مُؤْتَجِجٌ),مُؤْتَجٌّ (مُؤْتَجَجٌ)
343_261,اِئْتَصَى,ئصو,افتعل,VIII,,,0,0,29,3+2-III,261,B,357,341,اِئْتِصَاصٌ,مُؤْتَصٍ,
344_263,اِفْتَأَلَ,فأل,افتعل,VIII,,,0,0,7,3+2-III,263,B,360,344,اِفْتِئَالٌ,مُفْتَئِلٌ,مُفْتَأَلٌ
345_266,اِجْتازَ,جوز,افتعل,VIII,,,0,0,21,3+2-III,266,B,364,348,اِجْتِيازٌ,مُجْتازٌ,مُجْتازٌ
346_267,اِرْتَمَى,رمي,افتعل,VIII,,,0,0,31,3+2-III,267,B,366,350,اِرْتِماءٌ,مُرْتَمٍ,مُرْتَمًى
347_267,اِقْتَضَى,قضي,افتعل,VIII,,,0,0,31,3+2-III,267,B,366,350,اِقْتِضاءٌ,مُقْتَضٍ,مُقْتَضًى
348_267,اِرْتَأَى,رأو,افتعل,VIII,,,0,0,30,3+2-III,267,B,368,352,اِرْتِئاءٌ,مُرْتَأٍ,مُرْتَأًى
349_286,اِسْتَراحَ,روح,استفعل,X,,,0,0,21,3+3-I,286,B,384,368,اِسْتِرْواحٌ ، اِسْتِراحَةٌ,مُسْتَرِيحٌ,مُسْتَراحٌ
350_286,اِسْتَفادَ,فود,استفعل,X,,,0,0,21,3+3-I,286,B,384,368,اِسْتِفادَةٌ,مُسْتَفِيدٌ,مُسْتَفادٌ
351_286,اِسْتَضَاءَ,ضوء,استفعل,X,,,0,0,23,3+3-I,286,B,385,369,اِسْتِضَاءَةٌ,مُسْتَضِيءٌ,مُسْتَضَاءٌ
352_287,اِسْتَدْعَى,دعو,استفعل,X,,,0,0,28,3+3-I,287,B,386,370,اِسْتِدْعاءٌ,مُسْتَدْعٍ,مُسْتَدْعًى
353_287,اِسْتَعْصَى,عصو,استفعل,X,,,0,0,28,3+3-I,287,B,386,370,اِسْتِعْصاءٌ,مُسْتَعْصٍ,مُسْتَعْصًى
354_290,اِحْدَوْدَبَ,حدب,افعوعل,XII,,,0,0,2,3+3-II,290,B,394,378,إِحْدِيدَابٌ,مُحْدَوْدِبٌ,مُحْدَوْدَبٌ
355_311,لَأْلَأَ,لألأ,فعلل,Iq,,,0,0,47,4+0,311,B,404,389,لَأْلَأَةٌ,مُلَأْلِئٌ,مُلَأْلَأٌ
356_313,رَأْبَلَ,رأبل,فعلل,Iq,,,0,0,45,4+0,313,B,405,390,رَأْبَلَةٌ.,مُرَأْبِلٌ.,
357_316,دَوْزَنَ,دوزن,فعلل,Iq,,,0,0,50,4+0,316,B,408,393,دَوْزَنَةٌ,مُدَوْزِنٌ,مُدَوْزَنٌ
358_317,هَرْوَزَ,هروز,فعلل,Iq,,,0,0,50,4+0,317,B,409,394,هَرْوَزَةٌ,مُهَرْوِزٌ,
359_317,دَهْدَى,دهدو,فعلل,Iq,,,0,0,52,4+0,317,B,409,394,دَهْداةٌ ، دِهْداءٌ,مُدَهْدٍ,مُدَهْدًى
360_411,تَرَعْرَعَ,رعرع,تفعلل,IIq,,,0,0,46,4+1,411,B,418,404,تَرَعْرُعٌ,مُتَرَعْرِعٌ,
361_411,تَجَفْجَفَ,جفجف,تفعلل,IIq,,,0,0,46,4+1,411,B,418,404,تَجَفْجُفٌ,مُتَجَفْجِفٌ,
362_413,تَرَأْبَلَ,رأبل,تفعلل,IIq,,,0,0,45,4+1,413,B,419,405,تَرَأْبُلٌ,مُتَرَأْبِلٌ,
363_413,تَثَأْلَلَ,ثألل,تفعلل,IIq,,,0,0,45,4+1,413,B,419,405,تَثَأْلُلٌ,مُتَثَأْلِلٌ,
364_414,تَدَرْبَأَ,دربأ,تفعلل,IIq,,,0,0,45,4+1,414,B,420,406,تَدَرْبُؤٌ,مُتَدَرْبِئٌ,
365_414,تَكَرْثَأَ,كرثأ,تفعلل,IIq,,,0,0,45,4+1,414,B,420,406,تَكَرْثُؤٌ,مُتَكَرْثِئٌ,
366_415,تَوَكْوَكَ,وكوك,تفعلل,IIq,,,0,0,55,4+1,415,B,421,407,تَوَكْوُكٌ,مُتَوَكْوِكٌ,مُتَوَكْوَكٌ
367_415,تَوَطْوَطَ,وطوط,تفعلل,IIq,,,0,0,55,4+1,415,B,421,407,تَوَطْوُطٌ,مُتَوَطْوِطٌ,
368_416,تَجَوْرَبَ,جورب,تفعلل,IIq,,,0,0,50,4+1,416,B,422,408,تَجَوْرُبٌ,مُتَجَوْرِبٌ,
369_417,تَسَرْوَلَ,سرول,تفعلل,IIq,,,0,0,50,4+1,417,B,423,409,تَسَرْوُلٌ,مُتَسَرْوِلٌ,
370_417,تَحَمْيَرَ,حمير,تفعلل,IIq,,,0,0,50,4+1,417,B,423,409,تَحْمِيرٌ,مُتَحَمْيِرٌ,
371_420,اِحْرَنْجَمَ,حرجم,افعنلل,IIIq,,,0,0,44,4+2-I,420,B,426,412,إِحْرِنْجامٌ,مُحْرَنْجِمٌ,
372_420,اِفْرَنْقَعَ,فرقع,افعنلل,IIIq,,,0,0,44,4+2-I,420,B,426,412,إِفْرِنْقَاعٌ,مُفْرَنْقِعٌ,مُفْرَنْقَعٌ
373_424,اِسْلَنْطَأَ,سلطأ,افعنلل,IIIq,,,0,0,45,4+2-I,424,B,427,413,اِسْلِنْطاءٌ,مُسْلَنْطِئٌ,
374_424,اِطْلَنْفَأَ,طلفأ,افعنلل,IIIq,,,0,0,45,4+2-I,424,B,427,413,اِطْلِنْفاءٌ,مُطْلَنْفِئٌ,
375_430,اِقْشَعَرَّ,قشعر,افعللّ,IVq,,,0,0,44,4+2-II,430,B,431,417,اِقْشِعْرارٌ,مُقْشَعِرٌّ,
376_430,اِكْفَهَرَّ,كفهر,افعللّ,IVq,,,0,0,44,4+2-II,430,B,432,418,اِكْفِهْرارٌ,مُكْفَهِرٌّ,
377_430,اِضْمَحَلَّ,ضمحل,افعللّ,IVq,,,0,0,44,4+2-II,430,B,432,418,اِضْمِحْلالٌ,مُضْمَحِلٌّ,
378_434,اِزْرَأَمَّ,زرأم,افعللّ,IVq,,,0,0,45,4+2-II,434,B,433,419,اِزْرِئْمَامٌ,مُزْرَئِمٌّ,
379_434,اِطْمَأَنَّ,طمأن,افعللّ,IVq,,,0,0,45,4+2-II,434,B,433,419,اِطْمِئْنَانٌ ، طُمَأْنِينَةٌ,مُطْمَئِنٌّ,
380_115,يَمَنَ,يمن,فعَل يفعُل,I,a,u,1,0,17,3+0-I,115,A,154,137,يَمْنٌ ، مَيْمَنَةٌ,يامِنٌ,مَيْمُونٌ
381_427,اِهْبَيَّخَ,هبيخ,افعنلل,IIIq,,,0,1,50,4+2-I,427,,,415,,,
382_117,أَخا,أخو,فعَل يفعُل,I,a,u,0,0,29,3+0-I,117,B,160,143,أُخُوَّةٌ,آخٍ,مَأْخُوٌّ
383_126,آضَ,أيض,فعَل يفعِل,I,a,i,0,0,25,3+0-II,126,B,177,160,أَيْضٌ,آضٍ,مَئِيضٌ
384_135,وَبَأَ,وبأ,فعَل يفعَل,I,a,a,0,0,15,3+0-III,135,B,199,182,وَبْءٌ,وابِئٌ,مَوْبوءٌ
385_137,فَأَى,فأي,فعَل يفعَل,I,a,a,0,0,33,3+0-III,137,B,205,188,فَأْوٌ ، فَأْيٌ,فاءٍ,مَفْئِيٌّ
386_200,بَدَّلَ,بدل,فعّل,II,,,0,0,2,3+1-II,200,B,260,244,تَبْدِيلٌ,مُبَدِّلٌ,مُبَدَّلٌ
387_201,أَمَّمَ,أمم,فعّل,II,,,0,0,6,3+1-II,201,B,262,246,تَأْمِيمٌ,مُؤَمِّمٌ,مُؤَمَّمٌ
388_201,جَنَّنَ,جنن,فعّل,II,,,0,0,10,3+1-II,201,B,262,246,تَجْنِينٌ,مُجَنِّنٌ,مُجَنَّنٌ
389_206,أَيَّدَ,أيد,فعّل,II,,,0,0,25,3+1-II,206,B,268,252,تَأْيِيدٌ,مُؤَيِّدٌ,مُؤَيَّدٌ
390_211,فارَرَ,فرر,فاعل,III,,,0,0,10,3+1-III,211,B,277,261,مُفَارَرَةٌ,مُفارِرٌ,مُفارَرٌ
391_212,آدَبَ,أدب,فاعل,III,,,0,0,5,3+1-III,212,B,278,262,مُؤَادَبَةٌ,مُؤَادِبٌ,مُؤَادَبٌ
392_213,سَاءَلَ,سأل,فاعل,III,,,0,0,7,3+1-III,213,B,279,263,مُساءَلَةٌ ، مُسَايَلَةٌ,مُسائِلٌ,مُساءَلٌ
393_213,لَاءَمَ,لءم,فاعل,III,,,0,0,7,3+1-III,213,B,279,263,مُلاءَمَةٌ,مُلائِمٌ,مُلاءَمٌ
394_219,آوَى,أوي,فاعل,III,,,0,0,36,3+1-III,219,B,288,272,مُؤَاوَاةٌ,مُؤَاوٍ,مُؤَاوًى
395_222,آجَرَ,أجر,أفعل,IV,,,0,0,5,3+1-I,222,B,292,276,إيجارٌ,مُؤْجِرٌ,مُؤْجَرٌ
396_222,آذَنَ,أذن,أفعل,IV,,,0,0,5,3+1-I,222,B,292,276,إيذانٌ,مُؤْذِنٌ,مُؤْذَنٌ
397_226,أَثْوَبَ,ثوب,أفعل,IV,,,0,0,21,3+1-I,226,B,297,281,إِثْوابٌ,مُثْوِبٌ,مُثْوَبٌ
398_241,تَعاثَثَ,عثث,تفاعل,VI,,,0,0,10,3+2-II,241,B,324,308,تَعَاثُثٌ,مُتَعَاثِثٌ,مُتَعَاثَثٌ
399_241,تَغاضَضَ,غضض,تفاعل,VI,,,0,0,10,3+2-II,241,B,324,308,تَغَاضُضٌ,مُتَغَاضِضٌ,مُتَغَاضَضٌ
400_242,تَآمَرَ,أمر,تفاعل,VI,,,0,0,5,3+2-II,242,B,325,309,تَآمُرٌ,مُتَآمِرٌ,مُتَآمَرٌ
401_242,تَآلَفَ,ألف,تفاعل,VI,,,0,0,5,3+2-II,242,B,325,309,تَآلُفٌ,مُتَآلِفٌ,
402_246,تَباوَأَ,بوأ,تفاعل,VI,,,0,0,23,3+2-II,246,B,331,315,تَبَاوُؤٌ,مُتَبَاوِئٌ,
403_250,اِمَّدَحَ,مدح,انفعل,VII,,,0,1,2,3+2-IV,250,B,339,323,اِمِّدَاحٌ,مُمَّدِحٌ,
404_250,اِنَّمَسَ,نمس,انفعل,VII,,,0,0,2,3+2-IV,250,B,339,323,اِنِّمَاسٌ,مُنَّمِسٌ,
405_256,اِنْسَيَأَ,سيأ,انفعل,VII,,,0,0,26,3+2-IV,256,B,345,329,اِنْسِياءٌ,مُنْسَيِئٌ,
406_260,اِدَّعَمَ,دعم,افتعل,VIII,,,0,0,2,3+2-III,260,B,352,336,إِدِّعَامٌ,مُدَّعِمٌ,مُدَّعَمٌ
407_260,اِطَّلَبَ,طلب,افتعل,VIII,,,0,0,2,3+2-III,260,B,352,336,اِطِّلَابٌ,مُطَّلِبٌ,مُطَّلَبٌ
408_260,اِذَّكَرَ,ذكر,افتعل,VIII,,,0,0,2,3+2-III,260,B,353,337,إِذِّكَارٌ,مُذَّكِرٌ,مُذَّكَرٌ
409_262,اِتَّحَدَ,أحد,افتعل,VIII,,,0,1,5,3+2-III,262,B,359,343,اِتِّحادٌ,مُتَّحِدٌ,مُتَّحَدٌ
410_262,اِتَّزَرَ,أزر,افتعل,VIII,,,0,1,5,3+2-III,262,B,359,343,إِتِّزارٌ,مُتَّزِرٌ,مُتَّزَرٌ
411_263,اِتَّأَمَ,تأم,افتعل,VIII,,,0,0,7,3+2-III,263,B,361,345,اِتِّئَامٌ,مُتَّئِمٌ,
412_265,اِتَّزَنَ,وزن,افتعل,VIII,,,0,0,13,3+2-III,265,B,363,347,اِتِّزَانٌ,مُتَّزِنٌ,مُتَّزَنٌ
413_265,اِتَّصَفَ,وصف,افتعل,VIII,,,0,0,13,3+2-III,265,B,363,347,اِتِّصَافٌ,مُتَّصِفٌ,مُتَّصَفٌ
414_266,اِعْتَوَلَ,عول,افتعل,VIII,,,0,0,21,3+2-III,266,B,364,348,اِعْتِوالٌ,مُعْتَوِلٌ,
415_267,اِئْتَسَى,أسي,افتعل,VIII,,,0,0,32,3+2-III,267,B,368,352,اِئْتِساءٌ,مُؤْتَسٍ,مُؤْتَسًى
416_268,اِتَّقَى,وقو,افتعل,VIII,,,0,0,40,3+2-III,268,B,369,353,اِتِّقَاءٌ.,مُتَّقٍ .,مُتَّقًى .
417_286,اِسْتَجْوَبَ,جوب,استفعل,X,,,0,0,21,3+3-I,286,B,385,369,اِسْتِجْوَابٌ,مُسْتَجْوِبٌ,مُسْتَجْوَبٌ
418_290,اِقْلَوَّدَ,قلد,افعوّل,XIII,,,0,0,2,3+3-III,290,B,394,378,اِقْلِيوَادٌ,مُقْلَوِّدٌ,مُقْلَوْدًى
419_295,اِيراقَّ,ورق,افعالّ,XI,,,0,0,13,3+3-IV,295,B,397,381,إِيْرِيقَاقٌ,مُورَاقٌّ,
420_295,اِيرادَّ,ورد,افعالّ,XI,,,0,0,13,3+3-IV,295,B,397,381,إِيْرِيدَادٌ,مُورَادٌّ,
421_296,اِحْوالَّ,حول,افعالّ,XI,,,0,0,21,3+3-IV,296,B,398,382,إِحْوِيْلَالٌ,مُحْوَالٌّ,
422_296,اِزْيانَّ,زين,افعالّ,XI,,,0,0,24,3+3-IV,296,B,398,382,إِزْيِيْنَانٌ,مُزْيَانٌّ,
423_297,اِشْرَوْرَى,شرو,افعوعل,XII,,,0,0,28,3+3-II,297,B,399,383,اِشْرِيرَاءٌ,مُشْرَوْرٍ,
424_316,سَيْطَرَ,سيطر,فعلل,Iq,,,0,0,50,4+0,316,B,408,393,سَيْطَرَةٌ,مُسَيْطِرٌ,مُسَيْطَرٌ
425_416,تَفَيْلَقَ,فيلق,تفعلل,IIq,,,0,0,50,4+1,416,B,422,408,تَفَيْلُقٌ,مُتَفَيْلِقٌ,
426_418,تَوَحْوَحَ,وحوح,تفعلل,IIq,,,0,0,55,4+1,418,B,424,410,تَوَحْوُحٌ,مُتَوَحْوِحٌ,
427_418,تَوَلْوَلَ,ولول,تفعلل,IIq,,,0,0,55,4+1,418,B,424,410,تَوَلْوُلٌ,مُتَوَلْوِلٌ,
428_116,آلَ,أول,فعَل يفعُل,I,a,u,0,0,22,3+0-I,116,B,157,140,أَوَّلٌ ، إِيالٌ ، إِيالَةٌ ، مَآلٌ,آوِلٌ,مَأْوُولٌ، مَؤُولٌ
429_122,أَبَتَ,أبت,فعَل يفعِل,I,a,i,0,0,5,3+0-II,122,B,169,152,أَبْتٌ ، أُبُوتٌ,آبِتٌ,مَأْبُوتٌ
430_125,يَتَمَ,يتم,فعَل يفعِل,I,a,i,0,0,17,3+0-II,125,B,174,157,يُتْمٌ ، يَتْمٌ,ياتِمٌ,
431_126,جاءَ,جيأ,فعَل يفعِل,I,a,i,0,0,26,3+0-II,126,B,176,159,جَيْءٌ ، مَجِيءٌ,جاءٍ,مَجِيءٌ
432_133,مَأَنَ,مأن,فعَل يفعَل,I,a,a,0,0,7,3+0-III,133,B,194,177,مَأْنٌ ، مَؤُونَةٌ,مَائِنٌ,مَمْؤُونٌ
433_136,سالَ,سول,فعَل يفعَل,I,a,a,0,0,21,3+0-III,136,B,202,185,سُؤَالٌ ، سَوَالٌ,سَائِلٌ,مَسُولٌ
434_141,عَشَّ,عشش,فعَل يفعُل,I,a,u,0,0,10,3+0-I,141,B,210,193,عَشٌّ ، عُشُوشَةٌ ، عُشَاشَةٌ ، عَشَشٌ,عَاشٌّ,مَعْشُوشٌ
435_141,فَكَّ,فكك,فعَل يفعُل,I,a,u,0,0,10,3+0-I,141,B,210,193,فَكٌّ ، فُكُوكٌ ، فَكَاكٌ ، فِكَاكٌ,فَاكٌّ,مَفْكُوكٌ
436_153,شَئِزَ,شئز,فعِل يفعَل,I,i,a,0,0,7,3+0-IV,153,B,235,218,شَأْزٌ ، شُؤُوزٌ,شَائِزٌ,مَشْؤُوزٌ
437_155,وَطِئَ,وطئ,فعِل يفعَل,I,i,a,0,0,15,3+0-IV,155,B,240,223,وَطْءٌ,وَاطِئٌ,مَوْطُوءٌ
438_206,أَوَّلَ,أول,فعّل,II,,,0,0,22,3+1-II,206,B,268,252,تَأْوِيلٌ,مُؤَوِّلٌ,مُؤَوَّلٌ
439_206,ضَوَّأَ,ضوء,فعّل,II,,,0,0,23,3+1-II,206,B,269,253,تَضْوِئَةٌ,مُضَوِّئٌ,مُضَوَّأٌ
440_211,عالَلَ,علل,فاعل,III,,,0,0,10,3+1-III,211,B,277,261,مُعَالَلَّةٌ,مُعالِلٌ,مُعالَلٌ
441_216,ناوَأَ,نوأ,فاعل,III,,,0,0,23,3+1-III,216,B,283,267,مُنَاوَأَةٌ,مُنَاوِئٌ,مُنَاوَأٌ
442_218,واخَى,وخي,فاعل,III,,,0,0,40,3+1-III,218,B,286,270,مُواخاةٌ ، إخاءٌ,مُواخٍ,مُواخًى
443_223,أَثْأَرَ,ثأر,أفعل,IV,,,0,0,7,3+1-I,223,B,293,277,إِثْآرٌ,مُثْئِرٌ,مُثْأَرٌ
444_226,أَنْيَأَ,نيأ,أفعل,IV,,,0,0,26,3+1-I,226,B,298,282,إنْياءٌ,مُنْيِئٌ,مُنْيَأٌ
445_227,أَرَى,رأو,أفعل,IV,,,0,0,30,3+1-I,227,,300,,,,
446_228,أَوْدَى,ودي,أفعل,IV,,,0,0,40,3+1-I,228,B,301,285,إِيداءٌ,مُودٍ,مُودًى
447_246,تَآدَى,أدي,تفاعل,VI,,,0,0,32,3+2-II,246,B,331,315,تَآدٍ,مُتَآدٍ,مُتَآدَى
448_247,تَراءَى,رأو,تفاعل,VI,,,0,0,30,3+2-II,247,B,334,318,تَرَاءٍ,مُتَرَاءٍ,مُتَرَاءًى
449_247,تَشاءَى,شأو,تفاعل,VI,,,0,0,30,3+2-II,247,B,334,318,تَشَاءٍ,مُتَشَاءٍ,
450_249,تَوَايَلَ,ويل,تفاعل,VI,,,0,0,35,3+2-II,249,B,336,320,تَوَائُلٌ,مُتَوايِلٌ,
451_256,اِنْآدَ,أيد,انفعل,VII,,,0,0,25,3+2-IV,256,B,345,329,اِنْئِوادٌ,مُنْآدٌ,مُنْآدٌ
452_263,اِرْتَأَسَ,رأس,افتعل,VIII,,,0,0,7,3+2-III,263,B,360,344,اِرْتِئَاسٌ,مُرْتَئِسٌ,مُرْتَأَسٌ
453_263,اِظَّأَرَ,ظأر,افتعل,VIII,,,0,0,7,3+2-III,263,B,361,345,اِظِّئَارٌ,مُظَّئِرٌ,مُظَّأَرٌ
454_267,اِدَّعَى,دعو,افتعل,VIII,,,0,0,28,3+2-III,267,B,367,351,إِدِّعاءٌ,مُدَّعٍ,مُدَّعًى
455_267,اِطَّلَى,طلو,افتعل,VIII,,,0,0,28,3+2-III,267,B,367,351,اِطِّلَاءٌ,مُطَّلٍ,مُطَّلًى
456_268,اِتَّدَى,ودي,افتعل,VIII,,,0,0,40,3+2-III,268,B,369,353,اِتِّدَاءٌ.,مُتَّدٍ .,
457_297,اِعْمايَّ,عمي,افعالّ,XI,,,0,0,31,3+3-IV,297,B,399,383,اِعْمِيَاءٌ,مُعْمايٌّ,مُعْمَايٌ
458_311,زَأْزَأَ,زأزأ,فعلل,Iq,,,0,0,47,4+0,311,B,404,389,زَأْزَأَةٌ,مُزَأْزِئٌ,مُزَأْزَأٌ
459_313,ثَأْلَلَ,ثألل,فعلل,Iq,,,0,0,45,4+0,313,B,405,390,تَأْلُلَةٌ.,مُثَأْلِلٌ,مُثَأْلَلٌ
460_430,اِزْلَحَفَّ,زلحف,افعللّ,IVq,,,0,0,44,4+2-II,430,B,431,417,اِزْلِحْفافٌ,مُزْلَحِفٌّ,
461_137,رَأَى,رأي,فعَل يفعَل,I,a,a,0,0,33,3+0-III,137,B,204,187,رُؤْيَةٌ ، رَاءَةٌ ، رَأْيٌ ، رَايَةٌ ، رِئْيَانٌ,(رَائِيٌّ) رَاءٍ,مَرْئِيٌّ
462_165,يَبِسَ,يبس,فعِل يفعِل,I,i,i,0,0,17,3+0-VI,165,B,254,237,يَبْسٌ ، يُبْسٌ,يابِسٌ,
